{
    "W": [
        [
            11.794677734375,
            0.0,
            197.90185546875
        ],
        [
            180.0,
            92.114501953125,
            255.0
        ]
    ],
    "R": [
        [
            153.58203125,
            100.7255859375,
            172.716552734375
        ],
        [
            173.58203125,
            200.7255859375,
            255.0
        ]
    ],
    "G": [
        [
            65.33447265625,
            112.35693359375,
            181.478515625
        ],
        [
            85.33447265625,
            212.35693359375,
            255.0
        ]
    ],
    "Y": [
        [
            27.4169921875,
            53.593017578125,
            196.918701171875
        ],
        [
            47.4169921875,
            153.593017578125,
            255.0
        ]
    ],
    "O": [
        [
            11.033203125,
            81.23828125,
            204.185302734375
        ],
        [
            31.033203125,
            181.23828125,
            255.0
        ]
    ],
    "B": [
        [
            86.004150390625,
            204.29443359375,
            167.6201171875
        ],
        [
            106.004150390625,
            255.0,
            255.0
        ]
    ]
}