{
    "W": [
        [
            29.73681640625,
            0.0,
            192.490478515625
        ],
        [
            180.0,
            116.53759765625,
            255.0
        ]
    ],
    "R": [
        [
            153.61669921875,
            122.0439453125,
            163.737548828125
        ],
        [
            173.61669921875,
            222.0439453125,
            255.0
        ]
    ],
    "G": [
        [
            59.051513671875,
            117.937744140625,
            166.386962890625
        ],
        [
            79.051513671875,
            217.937744140625,
            255.0
        ]
    ],
    "Y": [
        [
            26.26513671875,
            87.1044921875,
            184.736328125
        ],
        [
            46.26513671875,
            187.1044921875,
            255.0
        ]
    ],
    "O": [
        [
            12.404052734375,
            103.2841796875,
            203.0087890625
        ],
        [
            32.404052734375,
            203.2841796875,
            255.0
        ]
    ],
    "B": [
        [
            89.880126953125,
            203.84521484375,
            153.83935546875
        ],
        [
            109.880126953125,
            255.0,
            253.83935546875
        ]
    ]
}